Region_description,Network_zones,ESR_1,ESR_2
ERC_REST,z1,,
ERC_WEST,z2,,
FRCC,z3,,
MIS_AMSO,z4,,
MIS_AR,z5,,
MIS_D_MS,z6,,
MIS_IA,z7,,
MIS_IL,z8,,
MIS_INKY,z9,,
MIS_LA,z10,,
MIS_LMI,z11,,
MIS_MAPP,z12,,
MIS_MIDA,z13,,
MIS_MNWI,z14,,
MIS_MO,z15,,
MIS_WOTA,z16,,
MIS_WUMS,z17,,
NENGREST,z18,0.259,0.348
NENG_CT,z19,0.44,0.44
NENG_ME,z20,0.776,0.776
NY_Z_A,z21,,
NY_Z_B,z22,,
NY_Z_C&E,z23,,
NY_Z_D,z24,,
NY_Z_F,z25,,
NY_Z_G-I,z26,,
NY_Z_J,z27,,
NY_Z_K,z28,,
PJM_AP,z29,,
PJM_ATSI,z30,,
PJM_COMD,z31,,
PJM_Dom,z32,,
PJM_EMAC,z33,,
PJM_PENE,z34,,
PJM_SMAC,z35,,
PJM_WMAC,z36,,
PJM_West,z37,,
SPP_N,z38,,
SPP_NEBR,z39,,
SPP_SPS,z40,,
SPP_WAUE,z41,,
SPP_WEST,z42,,
S_C_KY,z43,,
S_C_TVA,z44,,
S_D_AECI,z45,,
S_SOU,z46,,
S_VACA,z47,,
WECC_AZ,z48,,
WECC_CO,z49,,
WECC_ID,z50,,
WECC_IID,z51,,
WECC_MT,z52,,
WECC_NM,z53,,
WECC_NNV,z54,,
WECC_PNW,z55,,
WECC_SCE,z56,,
WECC_SNV,z57,,
WECC_UT,z58,,
WECC_WY,z59,,
WEC_BANC,z60,,
WEC_CALN,z61,,
WEC_LADW,z62,,
WEC_SDGE,z63,,
