﻿region,Resource,technology,cluster,R_ID,Zone,Num_VRE_Bins,CapRes_1,THERM,VRE,MUST_RUN,STOR,FLEX,LDS,HYDRO,Min_Share,Max_Share,Existing_Cap_MWh,Existing_Cap_MW,Existing_Charge_Cap_MW,num_units,unmodified_existing_cap_mw,New_Build,Cap_Size,Thermal_Efficiency,Reactor_Temp,Condenser_Temp,Process_Temp,Min_Cap_MW,Max_Cap_MW,Max_Cap_MWh,Min_Cap_MWh,Max_Charge_Cap_MW,Min_Charge_Cap_MW,Min_Share_percent,Max_Share_percent,capex_mw,OCC,Inv_Cost_per_MWyr,FOM,Fixed_OM_Cost_per_MWyr,capex_mwh,Inv_Cost_per_MWhyr,Fixed_OM_Cost_per_MWhyr,VarOM,Var_OM_Cost_per_MWh,Var_OM_Cost_per_MWh_In,Inv_Cost_Charge_per_MWyr,Fixed_OM_Cost_Charge_per_MWyr,Startup,Start_Cost_per_MW,Start_Fuel_MMBTU_per_MW,Heat_Rate_MMBTU_per_MWh,heat_rate_mmbtu_mwh_iqr,heat_rate_mmbtu_mwh_std,Fuel,Min_Power,Min_Power_Thermal,Self_Disch,Eff_Up,Eff_Down,Hydro_Energy_to_Power_Ratio,Ratio_power_to_energy,Min_Duration,Max_Duration,Max_Flexible_Demand_Delay,Max_Flexible_Demand_Advance,Flexible_Demand_Energy_Eff,Ramp_Up_Percentage,Ramp_Dn_Percentage,Ramp_Up_Percentage_Thermal,Ramp_Dn_Percentage_Thermal,Up_Time,Down_Time,Up_Time_Thermal,Down_Time_Thermal,NACC_Eff,NACC_Peak_to_Base,Reg_Max,Rsv_Max,Reg_Cost,Rsv_Cost,spur_miles,spur_capex,offshore_spur_miles,offshore_spur_capex,tx_miles,tx_capex,interconnect_annuity,Commit,Hydro_level,MinCapTag_3,CCS_Rate,MGA,Production_Tax_Credit_Dollars_MWh,Investment_Tax_Credit_Percentage,Captured_CO2_Incentive_PerMetricTon,OFFSHORE_WIND
ERC_REST,iPWR,iPWR,1,8,1,0,0.9,1,0,0,0,0,0,0,0,0,0,0,0,0,0,1,250,0.308,302,30,200,-1,-1,-1,-1,-1,0,0,0,0,5535000,1704780,115000,35420,0,0,0,0.75,0.231,0,0,0,500,154,1,1,0,0,iPWR_fuel,0.1,0.2,0,1,1,0,0,0,0,0,0,0,0.25,0.25,0.25,0.25,0,20,20,20,0,0,0.041666667,0.083333333,0,0,0,0,0,0,0,0,0,1,0,0,0,1,0,0,0,0
ERC_REST,HTGR,HTGR,1,8,1,0,0.9,1,0,0,0,0,0,0,0,0,0,0,0,0,0,1,350,0.468571429,852,30,200,-1,-1,-1,-1,-1,0,0,0,0,7500000,3514285.718,164000,76845.71436,0,0,0,0,0,0,0,0,500,234.2857145,1,1,0,0,HTGR_fuel,0.1,0.2,0,1,1,0,0,0,0,0,0,0,0.25,0.25,0.25,0.25,0,20,20,20,0,0,0.041666667,0.083333333,0,0,0,0,0,0,0,0,0,1,0,0,0,1,0,0,0,0
ERC_REST,PBR-HTGR,PBR-HTGR,1,8,1,0,0.9,1,0,0,0,0,0,0,0,0,0,0,0,0,0,1,200,0.4,563,30,200,-1,-1,-1,-1,-1,0,0,0,0,4569000,1827600,100000,40000,0,0,0,0,0,0,0,0,500,200,1,1,0,0,PBR-HTGR_fuel,0.1,0.2,0,1,1,0,0,0,0,0,0,0,0.25,0.25,0.25,0.25,0,20,20,20,0,0,0.041666667,0.083333333,0,0,0,0,0,0,0,0,0,1,0,0,0,1,0,0,0,0
ERC_REST,iMSR,iMSR,1,8,1,0,0.9,1,0,0,0,0,0,0,0,0,0,0,0,0,0,1,300,0.47,585,30,200,-1,-1,-1,-1,-1,0,0,0,0,4091000,1922770,85000,39950,0,0,0,0.5,0.235,0,0,0,500,235,1,1,0,0,iMSR_fuel,0.1,0.2,0,1,1,0,0,0,0,0,0,0,0.25,0.25,0.25,0.25,0,20,20,20,0,0,0.041666667,0.083333333,0,0,0,0,0,0,0,0,0,1,0,0,0,1,0,0,0,0
ERC_REST,Microreactor,Microreactor,1,8,1,0,0.9,1,0,0,0,0,0,0,0,0,0,0,0,0,0,1,20,0.335,565,30,200,-1,-1,-1,-1,-1,0,0,0,0,10902000,3652170,264000,88440,0,0,0,0,0,0,0,0,500,167.5,1,1,0,0,Microreactor_fuel,0.1,0.2,0,1,1,0,0,0,0,0,0,0,0.25,0.25,0.25,0.25,0,20,20,20,0,0,0.041666667,0.083333333,0,0,0,0,0,0,0,0,0,1,0,0,0,1,0,0,0,0